{
  "orbper": [
    35.901621616,
    0.1638211
  ],
  "trandep": [
    14187.675,
    0.0
  ],
  "trandur": [
    7.870199999999999,
    0.0
  ],
  "rade": [
    26.3647702125,
    0.08
  ],
  "insol": [
    1366.6375000000003,
    0.0147618
  ],
  "eqt": [
    2146.0,
    97.0
  ],
  "teff": [
    7257.0,
    4065.0
  ],
  "logg": [
    4.9125,
    3.8925000000000005
  ],
  "rad": [
    2.0721748749999995,
    0.16
  ]
}